{"cameraMode":{"drawMode":0,"name":"Shaded","section":"Shading Mode"},"sceneLighting":false,"audioPlay":false,"sceneViewState":{"m_AlwaysRefresh":false,"showFog":true,"showSkybox":false,"showFlares":true,"showImageEffects":true,"showParticleSystems":true,"showVisualEffectGraphs":true,"m_FxEnabled":true},"in2DMode":false,"pivot":{"x":-0.004788398742675781,"y":18.702322006225587,"z":2.2452268600463869},"rotation":{"x":0.041874296963214877,"y":-0.5695810317993164,"z":0.029073867946863176,"w":0.8203534483909607},"size":21.28291893005371,"orthographic":true}