{"cameraMode":{"drawMode":0,"name":"Shaded","section":"Shading Mode"},"sceneLighting":true,"audioPlay":false,"sceneViewState":{"m_AlwaysRefresh":false,"showFog":true,"showSkybox":true,"showFlares":true,"showImageEffects":true,"showParticleSystems":true,"showVisualEffectGraphs":true,"m_FxEnabled":true},"in2DMode":false,"pivot":{"x":-0.005628512240946293,"y":29.207542419433595,"z":4.427279472351074},"rotation":{"x":0.41955628991127016,"y":-0.04435138404369354,"z":0.020546628162264825,"w":0.9064375162124634},"size":0.3586729168891907,"orthographic":true}