{"cameraMode":{"drawMode":0,"name":"Shaded","section":"Shading Mode"},"sceneLighting":false,"audioPlay":false,"sceneViewState":{"m_AlwaysRefresh":false,"showFog":true,"showSkybox":false,"showFlares":true,"showImageEffects":true,"showParticleSystems":true,"showVisualEffectGraphs":true,"m_FxEnabled":true},"in2DMode":false,"pivot":{"x":0.4905402958393097,"y":19.252304077148439,"z":1.697699785232544},"rotation":{"x":0.3733324408531189,"y":-0.27538788318634035,"z":0.11708377301692963,"w":0.8781165480613709},"size":14.055451393127442,"orthographic":true}