{"cameraMode":{"drawMode":0,"name":"Shaded","section":"Shading Mode"},"sceneLighting":false,"audioPlay":false,"sceneViewState":{"m_AlwaysRefresh":false,"showFog":true,"showSkybox":false,"showFlares":true,"showImageEffects":true,"showParticleSystems":true,"showVisualEffectGraphs":true,"m_FxEnabled":true},"in2DMode":false,"pivot":{"x":-1.7458877563476563,"y":6.456164360046387,"z":2.7651586532592775},"rotation":{"x":0.20362021028995515,"y":-0.5171410441398621,"z":0.12819898128509522,"w":0.8213846683502197},"size":29.986125946044923,"orthographic":true}